model_name,Training_score,Testing_Score,accuracy_score,Precision_Score,Recall_Score,F1_Score
logistic,0.8666666666666667,0.8,0.8,0.8666666666666667,0.8478260869565217,0.8571428571428571
decision_tree,1.0,0.9846153846153847,0.9846153846153847,1.0,0.9782608695652174,0.989010989010989
randomforest,1.0,0.9846153846153847,0.9846153846153847,1.0,0.9782608695652174,0.989010989010989
xgb,1.0,0.9846153846153847,0.9846153846153847,1.0,0.9782608695652174,0.989010989010989
