model_name,Training_score,Testing_Score,accuracy_score,Precision_Score,Recall_Score,F1_Score
logistic,0.8958333333333334,0.7777777777777778,0.7777777777777778,0.8095238095238095,0.85,0.8292682926829269
decision_tree,1.0,0.7936507936507936,0.7936507936507936,0.7872340425531915,0.925,0.8505747126436781
randomforest,1.0,0.8253968253968254,0.8253968253968254,0.8536585365853658,0.875,0.8641975308641976
