model_name,Training_score,Testing_Score,accuracy_score,Precision_Score,Recall_Score,F1_Score
logistic,0.8888888888888888,0.8412698412698413,0.8412698412698413,0.8076923076923077,1.0,0.8936170212765957
decision_tree,1.0,0.7301587301587301,0.7301587301587301,0.7659574468085106,0.8571428571428571,0.8089887640449439
randomforest,1.0,0.9047619047619048,0.9047619047619048,0.8913043478260869,0.9761904761904762,0.9318181818181818
xgb,1.0,0.8095238095238095,0.8095238095238095,0.8409090909090909,0.8809523809523809,0.8604651162790699
