model_name,Training_score,Testing_Score,accuracy_score,Precision_Score,Recall_Score,F1_Score
logistic,0.9,0.8307692307692308,0.8307692307692308,0.851063829787234,0.9090909090909091,0.8791208791208791
decision_tree,1.0,1.0,1.0,1.0,1.0,1.0
randomforest,1.0,0.9846153846153847,0.9846153846153847,0.9777777777777777,1.0,0.9887640449438202
xgb,1.0,1.0,1.0,1.0,1.0,1.0
