model_name,Training_score,Testing_Score,accuracy_score,Precision_Score,Recall_Score,F1_Score
logistic,0.8733333333333333,0.8923076923076924,0.8923076923076924,0.9069767441860465,0.9285714285714286,0.9176470588235294
decision_tree,1.0,0.9692307692307692,0.9692307692307692,1.0,0.9523809523809523,0.975609756097561
randomforest,1.0,0.9538461538461539,0.9538461538461539,0.9534883720930233,0.9761904761904762,0.9647058823529412
xgb,1.0,0.9846153846153847,0.9846153846153847,1.0,0.9761904761904762,0.9879518072289156
