model_name,Training_score,Testing_Score,accuracy_score,Precision_Score,Recall_Score,F1_Score
logistic,0.8866666666666667,0.9076923076923077,0.9076923076923077,0.9069767441860465,0.9512195121951219,0.9285714285714286
decision_tree,1.0,0.9538461538461539,0.9538461538461539,1.0,0.926829268292683,0.9620253164556963
randomforest,1.0,1.0,1.0,1.0,1.0,1.0
xgb,1.0,0.9846153846153847,0.9846153846153847,1.0,0.975609756097561,0.9876543209876543
