model_name,Training_score,Testing_Score,accuracy_score,Precision_Score,Recall_Score,F1_Score
logistic,0.8958333333333334,0.7936507936507936,0.7936507936507936,0.8292682926829268,0.85,0.8395061728395061
decision_tree,1.0,0.746031746031746,0.746031746031746,0.7727272727272727,0.85,0.8095238095238095
randomforest,1.0,0.8095238095238095,0.8095238095238095,0.8333333333333334,0.875,0.8536585365853658
