model_name,Training_score,Testing_Score,accuracy_score,Precision_Score,Recall_Score,F1_Score
logistic,0.9066666666666666,0.8307692307692308,0.8307692307692308,0.8163265306122449,0.9523809523809523,0.8791208791208791
decision_tree,1.0,0.9846153846153847,0.9846153846153847,1.0,0.9761904761904762,0.9879518072289156
randomforest,1.0,0.9384615384615385,0.9384615384615385,0.9318181818181818,0.9761904761904762,0.9534883720930233
xgb,1.0,0.9846153846153847,0.9846153846153847,1.0,0.9761904761904762,0.9879518072289156
